Concept,Loudness
Philosophy_Feat_6,1.0000001032893933
Cryptography_Feat_3,1.0000000882411364
Medicine_Feat_10,1.0000000846331216
Mechanics_Feat_14,1.0000000694493871
Botany_Feat_15,1.000000066266301
Geology_Feat_2,1.0000000620935345
Aerospace_Feat_6,1.0000000614456492
History_Feat_4,1.0000000604411559
Aerospace_Feat_14,1.0000000604352264
Cryptography_Feat_12,1.0000000583486617
Sports_Feat_15,1.0000000583474864
Cinema_Feat_15,1.0000000580855688
Legal_Feat_0,1.0000000578545878
Art_Feat_15,1.0000000574830124
Biotech_CRISPR,1.0000000573354926
Culinary_Feat_12,1.0000000562327052
Politics_Feat_2,1.0000000552035817
Botany_Feat_13,1.0000000550170804
Mathematics_Feat_10,1.0000000540617962
Culinary_Feat_1,1.000000052871971
Art_Feat_12,1.0000000524177775
Botany_Feat_10,1.0000000517433816
Cryptography_Feat_14,1.000000051386061
Emotions_Feat_10,1.0000000507783127
Meteorology_Feat_14,1.0000000486073022
Oceanography_Feat_4,1.0000000482686324
Mechanics_Feat_12,1.0000000481552334
Meteorology_Feat_0,1.0000000480953775
Emotions_Feat_1,1.0000000480738147
Botany_Feat_4,1.000000047873056
Art_Feat_2,1.00000004736678
Emotions_Feat_11,1.0000000469858348
Mechanics_Feat_13,1.0000000469458183
Politics_Feat_3,1.0000000468714172
Aerospace_Feat_0,1.000000046863568
Art_Feat_5,1.0000000465732541
Botany_Feat_5,1.0000000462420555
Aerospace_Feat_5,1.000000046196377
Chemistry_Feat_7,1.0000000453464624
Oceanography_Feat_6,1.000000045038783
Psychology_Feat_15,1.0000000448365403
Legal_Feat_10,1.0000000433431397
Psychology_Feat_14,1.0000000428569538
Oceanography_Feat_2,1.0000000427683409
Art_Feat_4,1.0000000420972575
Aerospace_Feat_10,1.000000041971325
Architecture_Feat_14,1.000000040489244
Sports_Feat_3,1.0000000402028233
Astro_Feat_10,1.0000000401680667
Mathematics_Feat_7,1.00000004015262
Cinema_Feat_12,1.000000040103858
Linguistics_Feat_2,1.0000000400352567
Zoology_Paws,1.0000000399605575
Astro_Quasar,1.0000000394388713
Finance_Feat_15,1.0000000393197968
Art_Feat_3,1.0000000390197439
Zoology_Feat_10,1.0000000389175339
Mathematics_Feat_11,1.0000000389102017
Biotech_Feat_14,1.0000000387646608
Meteorology_Feat_5,1.0000000387074315
Geology_Feat_8,1.0000000386985421
Sociology_Feat_8,1.0000000385187058
Quantum_Feat_12,1.0000000384641223
Botany_Feat_1,1.0000000382861174
Culinary_Feat_7,1.0000000380537133
Finance_Feat_11,1.0000000379331542
Mathematics_Feat_2,1.0000000376621394
Literature_Feat_0,1.0000000376046358
Psychology_Feat_8,1.0000000363116628
Astro_Orbit,1.0000000358822938
Architecture_Feat_0,1.000000035761959
Cryptography_Feat_4,1.000000035698591
Psychology_Feat_13,1.000000035366512
Cinema_Feat_3,1.0000000352948302
Sociology_Feat_11,1.00000003520417
Geology_Feat_4,1.000000034797064
Legal_Feat_2,1.0000000343988034
Mathematics_Feat_1,1.0000000343736473
Sports_Feat_9,1.0000000333097212
Linguistics_Feat_0,1.0000000332417445
Legal_Feat_8,1.0000000327172889
Linguistics_Feat_12,1.0000000326879779
Geology_Feat_6,1.000000032599483
Meteorology_Feat_1,1.0000000325821428
Mechanics_Feat_5,1.0000000325627953
Mechanics_Feat_0,1.0000000324535712
Psychology_Feat_4,1.0000000324221083
Oceanography_Feat_13,1.0000000312670638
Cinema_Feat_2,1.000000031208407
Agriculture_Feat_14,1.000000031120209
Military_Feat_6,1.0000000309426726
Oceanography_Feat_9,1.00000003069682
Music_Feat_9,1.0000000306534906
Meteorology_Feat_4,1.0000000302370256
Military_Feat_7,1.000000030111219
Art_Feat_13,1.0000000299517842
Meteorology_Feat_15,1.0000000296207765
Quantum_Feat_8,1.0000000293788538
Meteorology_Feat_7,1.000000028960492
Culinary_Feat_6,1.0000000288905446
Zoology_Feat_13,1.0000000288339874
Chemistry_Feat_4,1.0000000284422328
Psychology_Feat_7,1.0000000282941195
Linguistics_Feat_10,1.0000000277314252
Oceanography_Feat_8,1.0000000276471777
Quantum_Feat_11,1.0000000274818053
Cinema_Feat_10,1.0000000269024756
Sports_Feat_13,1.0000000265414926
Agriculture_Feat_5,1.000000026256171
Legal_Feat_13,1.0000000262148636
Finance_Feat_12,1.0000000261354018
Biotech_DNA,1.0000000260235087
Psychology_Feat_5,1.000000025352519
Agriculture_Feat_6,1.000000025254508
Biotech_Gene,1.0000000250566214
Sports_Feat_14,1.000000024978378
Biotech_Feat_8,1.0000000246763492
Art_Feat_8,1.0000000246510001
Sports_Feat_8,1.0000000246046243
Sports_Feat_11,1.000000024178972
Literature_Feat_10,1.0000000241046743
Astro_Planet,1.000000024004831
Philosophy_Feat_9,1.0000000238124516
Military_Feat_14,1.0000000237266324
Cinema_Feat_6,1.0000000232066428
Sociology_Feat_1,1.0000000229824124
Aerospace_Feat_12,1.0000000227455013
Geology_Feat_7,1.0000000227217059
Sociology_Feat_4,1.0000000222106515
Emotions_Feat_5,1.0000000213783993
Sociology_Feat_15,1.000000021154446
Linguistics_Feat_15,1.0000000209829232
Astro_Feat_13,1.000000020952252
Mechanics_Feat_7,1.0000000209076398
Zoology_Feat_11,1.0000000203736177
Biotech_Feat_13,1.0000000203358195
Military_Feat_8,1.000000020280416
History_Feat_10,1.0000000198429482
Literature_Feat_13,1.0000000195438445
Sociology_Feat_5,1.000000019505803
Philosophy_Feat_12,1.0000000194900187
Literature_Feat_8,1.0000000191938412
Geology_Feat_15,1.0000000190699838
Emotions_Feat_9,1.000000019029382
Botany_Feat_0,1.0000000189266711
Architecture_Feat_5,1.000000018915699
Geology_Feat_3,1.0000000189147076
Cryptography_Feat_13,1.000000018784043
Zoology_Feat_9,1.000000018779299
Emotions_Feat_0,1.0000000186258333
Agriculture_Feat_8,1.000000018585479
Biotech_Feat_10,1.0000000185149533
Finance_Feat_2,1.0000000185105005
Mathematics_Feat_6,1.000000018334878
Chemistry_Feat_2,1.0000000175933415
Meteorology_Feat_10,1.0000000175827342
Zoology_Fur,1.0000000175294472
Botany_Feat_6,1.000000017223704
Philosophy_Feat_1,1.0000000172169663
Military_Feat_0,1.0000000170425936
Art_Feat_9,1.0000000169167471
Mechanics_Feat_15,1.0000000168257825
Quantum_Feat_9,1.0000000167608005
Philosophy_Feat_0,1.0000000166706662
Psychology_Feat_0,1.0000000166441276
Legal_Feat_5,1.000000016530312
Medicine_Feat_4,1.0000000165180567
Oceanography_Feat_3,1.0000000162833924
Medicine_Feat_7,1.0000000160477258
Politics_Feat_0,1.0000000159621487
Cryptography_Feat_0,1.0000000158702427
Mechanics_Feat_10,1.0000000157829165
Cinema_Feat_9,1.0000000156980593
Architecture_Feat_1,1.0000000153382707
Agriculture_Feat_7,1.0000000152548365
Chemistry_Feat_5,1.0000000151581978
Chemistry_Feat_1,1.0000000148102581
Medicine_Feat_12,1.0000000145783896
Art_Feat_0,1.0000000144077683
Finance_Feat_10,1.0000000142198961
Psychology_Feat_3,1.0000000141980179
Politics_Feat_11,1.0000000136925147
History_Feat_6,1.0000000136072251
Legal_Feat_3,1.0000000131263242
Medicine_Feat_11,1.0000000126298796
Medicine_Feat_2,1.0000000122052053
Quantum_Feat_13,1.0000000119210881
History_Feat_8,1.0000000117342813
Architecture_Feat_11,1.0000000114313627
Literature_Feat_9,1.0000000112891285
Cinema_Feat_14,1.0000000112442653
Linguistics_Feat_11,1.000000011226121
Sociology_Feat_0,1.0000000112198453
Emotions_Feat_12,1.0000000093660673
Biotech_Feat_15,1.0000000093629762
Military_Feat_2,1.0000000091167602
Oceanography_Feat_15,1.000000009095564
Military_Feat_11,1.0000000090844574
Biotech_Cell,1.0000000089902055
Cryptography_Feat_5,1.0000000087983234
Music_Feat_15,1.0000000087958276
Sociology_Feat_3,1.0000000086716807
Finance_Feat_3,1.000000008593148
Biotech_Feat_11,1.000000008444006
Zoology_Feat_8,1.000000008254733
Zoology_Feat_12,1.000000008104578
Military_Feat_12,1.0000000080149791
Cinema_Feat_7,1.0000000079842688
Agriculture_Feat_13,1.0000000079842393
Finance_Feat_6,1.0000000079765161
Botany_Feat_8,1.0000000079425768
Linguistics_Feat_4,1.000000007822032
Sports_Feat_1,1.000000007480435
Agriculture_Feat_10,1.0000000073371698
Quantum_Boson,1.000000007007935
Geology_Feat_11,1.0000000069278867
Cryptography_Feat_10,1.0000000068266346
Literature_Feat_12,1.000000006512291
Literature_Feat_5,1.0000000062775043
Legal_Feat_15,1.0000000062306467
Literature_Feat_6,1.0000000059362772
Biotech_Protein,1.0000000058587901
Literature_Feat_2,1.0000000056464033
Literature_Feat_14,1.0000000056195757
Geology_Feat_0,1.0000000049034288
Architecture_Feat_10,1.0000000048771076
Psychology_Feat_9,1.0000000048545918
Politics_Feat_1,1.0000000047786048
Legal_Feat_14,1.000000004636428
Military_Feat_10,1.0000000046347637
Politics_Feat_12,1.0000000046085027
Astro_Feat_11,1.0000000043092652
Music_Feat_12,1.0000000041855956
Music_Feat_2,1.0000000039465426
Medicine_Feat_15,1.0000000039252708
Medicine_Feat_6,1.0000000038665433
Sociology_Feat_7,1.0000000034268728
Oceanography_Feat_0,1.000000003328966
Mechanics_Feat_9,1.0000000031984724
Architecture_Feat_9,1.000000002991883
Architecture_Feat_4,1.0000000029126712
Chemistry_Feat_0,1.000000002769707
Legal_Feat_7,1.0000000027136164
Meteorology_Feat_3,1.00000000263678
Chemistry_Feat_3,1.0000000025586053
Chemistry_Feat_12,1.0000000025240556
Military_Feat_4,1.0000000020609574
Philosophy_Feat_2,1.0000000019660171
Culinary_Feat_14,1.0000000018842625
Finance_Feat_9,1.0000000018800979
Culinary_Feat_8,1.0000000017559865
Meteorology_Feat_6,1.0000000014606267
Sports_Feat_7,1.0000000012871915
Legal_Feat_11,1.0000000011996846
Culinary_Feat_3,1.0000000007523155
Philosophy_Feat_15,1.0000000006854124
Oceanography_Feat_1,1.0000000006088787
Mechanics_Feat_8,1.00000000045872
Culinary_Feat_10,1.0000000004218015
Sociology_Feat_14,1.0000000003867624
Legal_Feat_4,1.00000000038403
History_Feat_7,1.0000000002639795
Botany_Feat_2,1.0000000000590523
Culinary_Feat_5,0.9999999998663204
Quantum_Feat_14,0.9999999998161374
Aerospace_Feat_11,0.9999999997953148
History_Feat_1,0.9999999996431334
Linguistics_Feat_3,0.9999999995903281
Medicine_Feat_8,0.9999999995752646
History_Feat_3,0.9999999994703059
Astro_Feat_9,0.9999999992267097
Legal_Feat_1,0.9999999990470496
Zoology_Claws,0.9999999990427428
Linguistics_Feat_9,0.9999999989946983
Linguistics_Feat_8,0.999999998837439
Cryptography_Feat_8,0.9999999986913541
Emotions_Feat_13,0.9999999985088946
Chemistry_Feat_15,0.9999999984614655
Mechanics_Feat_2,0.9999999979205292
Agriculture_Feat_11,0.9999999976365537
Chemistry_Feat_8,0.9999999976298776
Music_Feat_0,0.9999999976206202
Botany_Feat_12,0.9999999974635018
Zoology_Feat_14,0.9999999972980387
Quantum_Feat_15,0.9999999972312549
Legal_Feat_6,0.99999999718448
Zoology_Whiskers,0.9999999969934764
Music_Feat_13,0.9999999968972615
Astro_Feat_15,0.9999999968654428
Quantum_Lepton,0.9999999966080444
Mathematics_Feat_3,0.9999999963979775
Culinary_Feat_15,0.9999999963855243
Quantum_Feat_10,0.999999995787307
Medicine_Feat_0,0.9999999953562559
Geology_Feat_10,0.9999999953487082
Psychology_Feat_11,0.9999999953062629
Astro_Feat_8,0.9999999949317079
Linguistics_Feat_5,0.9999999947169095
Agriculture_Feat_15,0.9999999937776443
Literature_Feat_7,0.9999999934593087
Politics_Feat_5,0.9999999931069021
Politics_Feat_6,0.9999999930069536
Astro_Galaxy,0.9999999928788816
Architecture_Feat_7,0.999999992361094
Agriculture_Feat_2,0.9999999922966725
Quantum_Wave,0.9999999922952537
Politics_Feat_14,0.9999999922560343
Emotions_Feat_3,0.9999999917688156
Sports_Feat_2,0.9999999915592528
Philosophy_Feat_5,0.9999999915382781
Astro_Feat_14,0.9999999914792304
Psychology_Feat_10,0.9999999913628986
Sociology_Feat_9,0.9999999911871302
History_Feat_5,0.9999999910901076
Linguistics_Feat_13,0.9999999910711497
Geology_Feat_12,0.9999999909985909
Meteorology_Feat_8,0.9999999908934669
Music_Feat_7,0.9999999908775467
Finance_Feat_5,0.9999999904442769
Architecture_Feat_13,0.9999999904285259
Psychology_Feat_2,0.999999990037396
Architecture_Feat_3,0.999999989978027
Zoology_Hibernation,0.9999999899465949
Biotech_Feat_9,0.999999989877907
Finance_Feat_7,0.9999999897533371
Military_Feat_15,0.9999999897463798
Sports_Feat_0,0.9999999896877054
Geology_Feat_1,0.9999999896692009
Agriculture_Feat_1,0.9999999896446545
Music_Feat_11,0.9999999895802296
Agriculture_Feat_0,0.9999999892056269
Emotions_Feat_7,0.9999999891983304
Cryptography_Feat_9,0.9999999890271362
History_Feat_9,0.9999999887964951
Mathematics_Feat_12,0.9999999887400042
Sociology_Feat_12,0.9999999885728039
Culinary_Feat_2,0.9999999885522334
Geology_Feat_14,0.9999999883201985
Literature_Feat_15,0.9999999882704398
Quantum_Entanglement,0.9999999878238313
Biotech_Enzyme,0.9999999874456719
Politics_Feat_7,0.9999999869495546
Geology_Feat_13,0.9999999866384401
Finance_Feat_8,0.9999999866214794
Quantum_Superposition,0.9999999863493139
Zoology_Snout,0.9999999863399256
Oceanography_Feat_5,0.9999999863332867
Chemistry_Feat_14,0.9999999863123091
Politics_Feat_4,0.9999999860387083
Philosophy_Feat_7,0.9999999856756177
Zoology_Tail,0.9999999856547188
Mathematics_Feat_15,0.9999999856066369
Mathematics_Feat_0,0.9999999853138785
Culinary_Feat_11,0.999999985028914
Cryptography_Feat_6,0.9999999850213919
Politics_Feat_10,0.9999999849116924
Mathematics_Feat_13,0.9999999846411193
Chemistry_Feat_6,0.9999999845674586
Meteorology_Feat_2,0.9999999845292614
Medicine_Feat_5,0.9999999845290523
Music_Feat_10,0.9999999845185191
Emotions_Feat_15,0.9999999843448681
Music_Feat_4,0.9999999843014252
Zoology_Feat_15,0.9999999842885166
Aerospace_Feat_7,0.9999999840908839
Politics_Feat_13,0.9999999837483189
Philosophy_Feat_11,0.9999999833894749
Philosophy_Feat_8,0.9999999831593491
Linguistics_Feat_7,0.9999999831417737
Mathematics_Feat_8,0.9999999828302589
Architecture_Feat_8,0.9999999827936269
Literature_Feat_1,0.999999982746637
Architecture_Feat_15,0.9999999826384426
Aerospace_Feat_1,0.9999999826210278
History_Feat_13,0.9999999825776281
Geology_Feat_5,0.9999999823520486
Astro_Feat_12,0.9999999821962968
History_Feat_11,0.9999999819915706
Military_Feat_3,0.9999999819537774
Biotech_Organelle,0.999999981906872
Botany_Feat_3,0.999999981461905
Agriculture_Feat_3,0.9999999813533172
Chemistry_Feat_9,0.999999981314659
Culinary_Feat_4,0.9999999812574811
Mechanics_Feat_11,0.9999999809005828
Cinema_Feat_4,0.999999980743131
Mechanics_Feat_6,0.999999980657052
Finance_Feat_13,0.9999999805641029
History_Feat_14,0.9999999804524048
Mechanics_Feat_1,0.9999999802844842
Sociology_Feat_13,0.999999980260112
Art_Feat_6,0.9999999782033602
Politics_Feat_8,0.9999999781899426
Astro_Pulsar,0.9999999781701973
Cinema_Feat_1,0.9999999775714964
Emotions_Feat_14,0.9999999775284865
Meteorology_Feat_11,0.9999999775190774
Literature_Feat_3,0.9999999774937817
Sociology_Feat_6,0.9999999771107809
Oceanography_Feat_10,0.9999999770785307
Sports_Feat_4,0.9999999766124722
Sociology_Feat_10,0.9999999764114955
Mathematics_Feat_4,0.999999976216119
Botany_Feat_7,0.9999999761791019
Biotech_Ribosome,0.9999999761598163
History_Feat_12,0.9999999759854598
Culinary_Feat_13,0.9999999758399369
Art_Feat_1,0.9999999758240486
Linguistics_Feat_14,0.9999999750802571
Oceanography_Feat_7,0.9999999748687897
Cinema_Feat_5,0.9999999748579202
Cinema_Feat_11,0.9999999746622384
Emotions_Feat_6,0.9999999744473692
Meteorology_Feat_12,0.9999999744143039
Biotech_Feat_12,0.9999999742683646
Military_Feat_9,0.999999974157096
Architecture_Feat_6,0.9999999739979897
Literature_Feat_4,0.999999973203158
Astro_Star,0.999999973087531
Meteorology_Feat_13,0.9999999730062821
Sports_Feat_10,0.9999999728181681
Agriculture_Feat_4,0.9999999725717555
Finance_Feat_14,0.9999999723720672
Aerospace_Feat_3,0.9999999721835556
Architecture_Feat_12,0.9999999718966281
Emotions_Feat_4,0.9999999716531229
Art_Feat_14,0.9999999714933285
Medicine_Feat_3,0.9999999714916848
Zoology_Migration,0.9999999712868515
Botany_Feat_11,0.9999999699389812
Mathematics_Feat_9,0.9999999697901274
Music_Feat_5,0.9999999696494247
Mechanics_Feat_4,0.9999999695556596
Meteorology_Feat_9,0.9999999691504957
Cinema_Feat_8,0.999999968756267
Philosophy_Feat_14,0.9999999677764382
Psychology_Feat_6,0.9999999673826696
Oceanography_Feat_12,0.9999999671925288
Aerospace_Feat_2,0.9999999666121695
Linguistics_Feat_6,0.999999965924604
Music_Feat_6,0.9999999656147055
Chemistry_Feat_10,0.9999999654103561
Sociology_Feat_2,0.9999999647405794
Cryptography_Feat_2,0.9999999641021636
Military_Feat_1,0.9999999640277092
Philosophy_Feat_10,0.9999999636787804
History_Feat_15,0.9999999636448856
Sports_Feat_6,0.9999999634482039
Finance_Feat_0,0.9999999625808463
Cryptography_Feat_15,0.9999999625586545
Aerospace_Feat_9,0.9999999622273511
Art_Feat_10,0.9999999621724128
Psychology_Feat_1,0.9999999616481965
Aerospace_Feat_8,0.9999999615801699
Medicine_Feat_13,0.9999999613804931
Emotions_Feat_8,0.999999961137919
Politics_Feat_9,0.9999999604958636
Quantum_Tunneling,0.9999999601114689
Psychology_Feat_12,0.9999999599200947
Art_Feat_11,0.9999999598354848
Mathematics_Feat_14,0.9999999597753031
Cryptography_Feat_1,0.9999999597414628
Mathematics_Feat_5,0.999999959429415
Geology_Feat_9,0.9999999588690958
Linguistics_Feat_1,0.9999999584893653
Mechanics_Feat_3,0.9999999568595207
Cryptography_Feat_7,0.9999999560501882
Literature_Feat_11,0.9999999549709429
Cinema_Feat_13,0.9999999549425944
Agriculture_Feat_9,0.9999999549100291
Cryptography_Feat_11,0.9999999543349511
Aerospace_Feat_15,0.9999999543319028
Art_Feat_7,0.9999999541933321
Medicine_Feat_9,0.9999999532830957
Astro_Nebula,0.9999999526706269
Medicine_Feat_1,0.9999999522341856
Legal_Feat_12,0.9999999520622282
Sports_Feat_5,0.9999999520201915
Quantum_Quark,0.9999999519583606
Finance_Feat_1,0.9999999517465854
Culinary_Feat_9,0.999999951115139
History_Feat_0,0.9999999501619891
Culinary_Feat_0,0.9999999498601678
Philosophy_Feat_3,0.9999999497895933
History_Feat_2,0.9999999495532694
Philosophy_Feat_13,0.9999999485974755
Finance_Feat_4,0.9999999483684855
Architecture_Feat_2,0.9999999476894077
Military_Feat_13,0.9999999470364602
Sports_Feat_12,0.9999999461935947
Aerospace_Feat_4,0.9999999455639731
Music_Feat_3,0.9999999452598056
Music_Feat_8,0.9999999446189408
Botany_Feat_9,0.9999999442134891
Botany_Feat_14,0.9999999440951772
Aerospace_Feat_13,0.9999999432780486
Oceanography_Feat_14,0.9999999429653654
Medicine_Feat_14,0.9999999427022678
Chemistry_Feat_13,0.9999999407592712
Emotions_Feat_2,0.9999999389023727
Oceanography_Feat_11,0.9999999362304713
Music_Feat_1,0.9999999357942926
Chemistry_Feat_11,0.99999993389444
Music_Feat_14,0.9999999311656955
Astro_Comet,0.9999999262060181
Quantum_Spin,0.9999999259746523
Legal_Feat_9,0.999999922489126
Military_Feat_5,0.9999999220212891
Philosophy_Feat_4,0.9999999217284766
Politics_Feat_15,0.999999918790084
Cinema_Feat_0,0.99999991337738
Agriculture_Feat_12,0.9999999060782643
